{
  "project_info": {
    "project_number": "865434639148",
    "project_id": "kontrakan-bangoing",
    "storage_bucket": "kontrakan-bangoing.appspot.com"
  },
  "client": [
    {
      "client_info": {
        "mobilesdk_app_id": "1:865434639148:android:e89b547f8fcf8ddc216a89",
        "android_client_info": {
          "package_name": "com.example.kontrakan_bangoing"
        }
      },
      "oauth_client": [],
      "api_key": [
        {
          "current_key": "AIzaSyAM9N1ITS8SPnJ9oqWJFlnV9msXn9N71OU"
        }
      ],
      "services": {
        "appinvite_service": {
          "other_platform_oauth_client": []
        }
      }
    }
  ],
  "configuration_version": "1"
}